0	1000 Years for Revenge	n;
1	Bush vs. the Beltway	c;
2	Charlie Wilson's War	c;
3	Losing Bin Laden	c;
4	Sleeping With the Devil	n;
5	The Man Who Warned America	c;
6	Why America Slept	n;
7	Ghost Wars	n;
8	A National Party No More	c;
9	Bush Country	c;
10	Dereliction of Duty	c;
11	Legacy	c;
12	Off with Their Heads	c;
13	Persecution	c;
14	Rumsfeld's War	c;
15	Breakdown	c;
16	Betrayal	c;
17	Shut Up and Sing	c;
18	Meant To Be	n;
19	The Right Man	c;
20	Ten Minutes from Normal	c;
21	Hillary's Scheme	c;
22	The French Betrayal of America	c;
23	Tales from the Left Coast	c;
24	Hating America	c;
25	The Third Terrorist	c;
26	Endgame	c;
27	Spin Sisters	c;
28	All the Shah's Men	n;
29	Dangerous Dimplomacy	c;
30	The Price of Loyalty	l;
31	House of Bush, House of Saud	l;
32	The Death of Right and Wrong	c;
33	Useful Idiots	c;
34	The O'Reilly Factor	c;
35	Let Freedom Ring	c;
36	Those Who Trespass	c;
37	Bias	c;
38	Slander	c;
39	The Savage Nation	c;
40	Deliver Us from Evil	c;
41	Give Me a Break	c;
42	The Enemy Within	c;
43	The Real America	c;
44	Who's Looking Out for You?	c;
45	The Official Handbook Vast Right Wing Conspiracy	c;
46	Power Plays	n;
47	Arrogance	c;
48	The Perfect Wife	n;
49	The Bushes	c;
50	Things Worth Fighting For	c;
51	Surprise, Security, the American Experience	n;
52	Allies	c;
53	Why Courage Matters	c;
54	Hollywood Interrupted	c;
55	Fighting Back	c;
56	We Will Prevail	c;
57	The Faith of George W Bush	c;
58	Rise of the Vulcans	c;
59	Downsize This!	l;
60	Stupid White Men	l;
61	Rush Limbaugh Is a Big Fat Idiot	l;
62	The Best Democracy Money Can Buy	l;
63	The Culture of Fear	l;
64	America Unbound	l;
65	The Choice	l;
66	The Great Unraveling	l;
67	Rogue Nation	l;
68	Soft Power	l;
69	Colossus	n;
70	The Sorrows of Empire	l;
71	Against All Enemies	l;
72	American Dynasty	l;
73	Big Lies	l;
74	The Lies of George W. Bush	l;
75	Worse Than Watergate	l;
76	Plan of Attack	n;
77	Bush at War	c;
78	The New Pearl Harbor	l;
79	Bushwomen	l;
80	The Bubble of American Supremacy	l;
81	Living History	l;
82	The Politics of Truth	l;
83	Fanatics and Fools	l;
84	Bushwhacked	l;
85	Disarming Iraq	l;
86	Lies and the Lying Liars Who Tell Them	l;
87	MoveOn's 50 Ways to Love Your Country	l;
88	The Buying of the President 2004	l;
89	Perfectly Legal	l;
90	Hegemony or Survival	l;
91	The Exception to the Rulers	l;
92	Freethinkers	l;
93	Had Enough?	l;
94	It's Still the Economy, Stupid!	l;
95	We're Right They're Wrong	l;
96	What Liberal Media?	l;
97	The Clinton Wars	l;
98	Weapons of Mass Deception	l;
99	Dude, Where's My Country?	l;
100	Thieves in High Places	l;
101	Shrub	l;
102	Buck Up Suck Up	l;
103	The Future of Freedom	n;
104	Empire	n;
